{"epoch_loss": 8.926511509343982e-05, "Validation_Metrics/accuracy": 0.9469026548672567, "Validation_Metrics/auc": 0.932079945799458, "_timestamp": 1713530979.652417, "_runtime": 54.9209668636322, "_step": 27}