{"epoch_loss": 6.651595413131872e-06, "Titanic/accuracy": 0.9557522123893806, "Titanic/auc": 0.9442750677506775, "_timestamp": 1713531209.754264, "_runtime": 72.45350503921509, "_step": 48}