{"epoch_loss": 2.0048400983796455e-06, "Titanic/accuracy": 0.9557522123893806, "Titanic/auc": 0.9442750677506775, "_timestamp": 1713532031.2425785, "_runtime": 338.66669750213623, "_step": 248}